Design website layout,Create wireframes for homepage,Select color palette and typography,Design mobile-responsive version
Write blog post,Research trending topics,Craft engaging headline,Proofread for grammar and clarity
Prepare presentation slides,Gather data and statistics,Create visually appealing charts,Incorporate speaker notes
Develop mobile app prototype,Define user flow and interactions,Design UI screens,Implement basic functionality
Conduct market research,Create survey questionnaire,Analyze competitors' strategies,Summarize findings in a report
Organize team-building event,Research suitable venues,Plan engaging activities,Coordinate logistics and invitations
Optimize website SEO,Perform keyword research,Optimize meta tags and descriptions,Improve page load speed
Create social media content,Design eye-catching graphics,Write compelling captions,Schedule posts using a content calendar
Test software application,Develop test cases,Execute functional and regression tests,Document and report bugs
Manage email marketing campaign,Segment target audience,Design visually appealing templates,Monitor open and click rates
Plan company retreat,Determine location and accommodation,Arrange team-building activities,Prepare event itinerary
Write user manual,Understand product functionalities,Organize content into clear sections,Incorporate visual illustrations
Coordinate product launch,Define launch timeline,Collaborate with marketing team for promotion,Monitor pre-launch preparations
Improve customer support process,Analyze support ticket data,Implement chatbot for basic inquiries,Train support team on new procedures
Conduct usability testing,Recruit participants for testing,Define testing scenarios,Analyze user feedback and provide recommendations
Develop marketing strategy,Conduct market analysis,Define target audience and positioning,Determine marketing channels and budget
Manage social media advertising,Create ad campaigns,Monitor ad performance and ROI,Optimize targeting and bidding strategies
Implement data security measures,Conduct security risk assessment,Install firewalls and encryption,Establish backup and recovery procedures
Complete Project Proposal,Research and gather information for the project proposal,Create an outline and structure for the proposal document,"Write a comprehensive project proposal document outlining objectives, deliverables, and timeline"
Design Logo for New Brand,Brainstorm ideas for the brand's logo design,Create multiple rough sketches and concepts for the logo,Refine and finalize the chosen logo concept using graphic design software
Develop Mobile App UI,Conduct user research to identify target audience preferences and needs,Design wireframes and prototypes for key app screens,Implement the final UI design using appropriate tools and guidelines
Write Blog Post on Industry Trends,Research recent industry trends and news,Create an outline and structure for the blog post,Write an engaging and informative blog post discussing the latest industry trends and their implications
Organize Team-Building Event,Brainstorm ideas for team-building activities,Research and book a suitable venue for the event,"Coordinate logistics, invite team members, and ensure smooth execution of the team-building event"
Conduct Market Analysis,"Gather data on market size, competitors, and consumer preferences",Analyze the collected data and identify key market trends,Prepare a comprehensive market analysis report with findings and recommendations
Optimize Website SEO,Perform keyword research to identify relevant and high-traffic keywords,"Optimize website content, meta tags, and headings using target keywords","Monitor website rankings and traffic, and make further adjustments as necessary"
Create Social Media Content Calendar,Research social media trends and best practices,Plan and outline content themes and topics for each month,Create a detailed content calendar with specific posts and captions for various social media platforms
Review Financial Statements,Collect and organize financial statements from various departments,Analyze financial data and identify any discrepancies or areas of concern,Prepare a comprehensive report summarizing the financial statements and providing recommendations
Coordinate Employee Training Program,Assess training needs and identify relevant training topics,Develop a training curriculum and schedule,"Coordinate trainers, venues, and logistics for the training sessions"
Developing a new App,Establish app design,Write source code,Test and refine functionality 
Building a House,Prepare a construction plan,Gather materials and equipment,Construct the building 
Starting a Business,Refine your business idea,Identify potential customers,Set up a business plan 
Creating a Website,Buy a domain name,Design the web structure,Develop content 
Designing a Logo,Research the target business,Develop several logo design concepts ,Test logo design with users 
Writing a Book,Research the book topic,Plan the book structure,Start writing the book 
Organizing an Event,Identify goals and objectives,Plan the event structure,Promote the event
Buying a Car,Research car models,Test drive vehicles,Compare prices at different dealerships
Developing a Website,Wireframe and mock up the website,Assemble the components,Conduct user testing
Creating a Video Game,Develop a game vision,Script the game and create characters,Design and build the game environment
Remodeling a Kitchen,Research kitchen renovation designs,Gather materials and tools,Renovate the area
Programming a Robot,Research and analyze the robot purpose,Create a program code,Integrate and test the program
Opening A Restaurant,Research local laws and regulations,Identify supplier sources,Find a suitable property location